sample	patient	Bases
SRR7666719	PT039	278563256
SRR7667631	PT058	15225080
SRR7667633	PT058	7234288
SRR7667634	PT058	12306224
SRR7667637	PT058	110741956
SRR7667639	PT058	8825120
SRR7667641	PT058	6728812
SRR7667652	PT081	1693204
SRR7667654	PT081	356972
SRR7667656	PT081	3734564
SRR7667664	PT081	2562568
SRR7667665	PT081	2730072
SRR7667667	PT081	3896520
SRR7667669	PT081	31860568
SRR7667670	PT081	7039120
SRR7667671	PT081	11214560
SRR7667673	PT081	1076768
SRR7667675	PT081	2850760
SRR7667676	PT081	33277360
SRR7667677	PT081	4852828
SRR7667679	PT081	2258492
SRR7667683	PT081	1880772
SRR7667685	PT081	22001772
SRR7667691	PT081	1024480
SRR7667692	PT081	161490652
SRR7667696	PT081	4302816
SRR7667698	PT081	227901656
SRR7667700	PT081	10344512
SRR7667702	PT081	207476580
SRR7667704	PT081	1307276
SRR7667705	PT081	8520892
SRR7667707	PT081	1462012
SRR7667708	PT081	1468396
SRR7667710	PT081	482372
SRR7667711	PT081	386004
SRR7667713	PT084	545832
SRR7667715	PT084	10923556
SRR7667717	PT084	41040
SRR7667720	PT084	32300
SRR7667724	PT084	22344
SRR7667725	PT084	53048
SRR7667726	PT084	54036
SRR7667729	PT084	61332
SRR7667730	PT084	40356
SRR7667734	PT084	49856
SRR7667736	PT084	48412
SRR7667737	PT084	2888
SRR7667739	PT084	4028
SRR7667740	PT084	8740
SRR7667742	PT084	4864
SRR7667744	PT084	11780
SRR7667745	PT084	7144
SRR7667747	PT084	4028
SRR7667749	PT084	104956
SRR7667750	PT084	145084
SRR7667751	PT084	103436
SRR7667754	PT084	117800
SRR7667755	PT084	117572
SRR7667758	PT084	98344
SRR7667759	PT084	101764
SRR7667761	PT084	1977824
SRR7667763	PT084	3072680
SRR7667766	PT084	23788
SRR7667772	PT126	2128
SRR7667773	PT126	1520
SRR7667774	PT126	1596
SRR7667775	PT126	2280
SRR7667777	PT126	1368
SRR7667781	PT126	1596
SRR7667783	PT126	912
SRR7667785	PT126	3496
SRR7667786	PT126	4636
SRR7667787	PT126	2964
SRR7667789	PT126	3724
SRR7667791	PT126	3268
SRR7667793	PT126	3420
SRR7667795	PT126	2128
SRR7667796	PT126	1520
SRR7667799	PT126	1748
SRR7667801	PT126	1444
SRR7667802	PT126	4940
SRR7667804	PT126	7144
SRR7667805	PT126	1824
SRR7667806	PT126	1672
SRR7667807	PT126	2052
SRR7667809	PT126	1672
SRR7667810	PT126	1748
SRR7667812	PT126	24700
SRR7667813	PT126	1064
SRR7667814	PT126	3496
SRR7667816	PT126	5092
SRR7667817	PT126	1748
SRR7667818	PT126	1140
SRR7667821	PT126	3192
SRR7667823	PT126	2204
SRR7667824	PT126	43320
SRR7667825	PT126	2964
SRR7667826	PT126	8664
SRR7667828	PT126	9956
SRR7667833	PT126	4484
SRR7667835	PT126	3268
SRR7667836	PT126	48792
SRR7667839	PT126	4560
SRR7667840	PT126	4408
SRR7667841	PT126	3648
SRR7667842	PT126	4104
SRR7667844	PT126	8436
SRR7667845	PT126	10640
SRR7667847	PT126	12768
SRR7667849	PT126	12388
SRR7667850	PT126	13376
SRR7667852	PT126	18696
SRR7667853	PT126	11856
SRR7667854	PT126	6840
SRR7667855	PT126	5016
SRR7667858	PT126	2204
SRR7667861	PT126	1444
SRR7667864	PT126	3648
SRR7667865	PT126	2052
SRR7667867	PT126	1596
SRR7667868	PT126	25720832
SRR7667870	PT126	3352132
SRR7667874	PT126	115600940
SRR7667875	PT126	22886336
SRR7667877	PT039	25474668
SRR7667878	PT084	9962004
SRR7666346	PT089	243991388
SRR7666347	PT089	253118152
SRR7666348	PT089	195872596
SRR7666349	PT089	48967712
SRR7666350	PT089	189751708
SRR7666351	PT089	230419080
SRR7666352	PT089	258693664
SRR7666353	PT089	241420460
SRR7666354	PT089	207615584
SRR7666355	PT089	211061120
SRR7666356	PT089	226597420
SRR7666357	PT089	270971768
SRR7666358	PT089	246711124
SRR7666359	PT089	196770916
SRR7666360	PT089	224706768
SRR7666361	PT089	214186696
SRR7666362	PT089	5980668
SRR7666363	PT089	171858268
SRR7666364	PT089	218790472
SRR7666365	PT089	243026112
SRR7666366	PT089	114635208
SRR7666367	PT089	158565716
SRR7666368	PT089	231441964
SRR7666369	PT089	163432528
SRR7666370	PT089	260741484
SRR7666371	PT089	257211740
SRR7666372	PT089	216866000
SRR7666373	PT089	209285912
SRR7666374	PT089	253167096
SRR7666375	PT089	281751988
SRR7666376	PT089	38085576
SRR7666377	PT089	257782728
SRR7666378	PT089	230632640
SRR7666379	PT089	243246436
SRR7666380	PT089	117899484
SRR7666381	PT089	243553932
SRR7666382	PT089	194694292
SRR7666383	PT089	108613500
SRR7666384	PT089	194320980
SRR7666385	PT089	112143320
SRR7666386	PT089	155492048
SRR7666387	PT089	234370624
SRR7666388	PT089	233856940
SRR7666389	PT089	251331392
SRR7666390	PT089	254859996
SRR7666391	PT089	147003228
SRR7666392	PT089	75596288
SRR7666393	PT089	90948592
SRR7666394	PT089	210488308
SRR7666395	PT089	215230784
SRR7666396	PT089	86385780
SRR7666397	PT089	204741644
SRR7666398	PT089	138735340
SRR7666399	PT089	129399576
SRR7666400	PT089	89522756
SRR7666401	PT089	294542484
SRR7666402	PT089	115649428
SRR7666403	PT089	116591448
SRR7666404	PT089	209156180
SRR7666405	PT089	51585076
SRR7666406	PT089	121211716
SRR7666407	PT089	63006584
SRR7666408	PT089	39711140
SRR7666409	PT089	218624032
SRR7666410	PT089	83490256
SRR7666411	PT089	10520908
SRR7666412	PT089	23638660
SRR7666413	PT089	17019364
SRR7666414	PT089	23036436
SRR7666415	PT089	71324328
SRR7666416	PT089	126609464
SRR7666417	PT089	72752672
SRR7666418	PT089	90830716
SRR7666419	PT089	177068600
SRR7666420	PT089	120179408
SRR7666421	PT089	35084412
SRR7666422	PT089	16776468
SRR7666423	PT089	99984688
SRR7666424	PT089	220732804
SRR7666425	PT089	36225780
SRR7666426	PT089	65437748
SRR7666427	PT089	97802652
SRR7666428	PT089	121265144
SRR7666429	PT089	41800152
SRR7666430	PT089	60933152
SRR7666431	PT089	62161236
SRR7666432	PT089	29341624
SRR7666433	PT089	80434068
SRR7666434	PT089	136534988
SRR7666435	PT089	279449188
SRR7666436	PT089	235606840
SRR7666437	PT089	155519940
SRR7666438	PT089	133528580
SRR7666439	PT089	90829044
SRR7666440	PT089	90620044
SRR7666441	PT089	141909632
SRR7666442	PT089	84260364
SRR7666443	PT089	41701352
SRR7666444	PT089	182116748
SRR7666445	PT089	176073076
SRR7666446	PT089	209136724
SRR7666447	PT089	152428032
SRR7666448	PT089	161686960
SRR7666449	PT089	89324700
SRR7666450	PT089	23247868
SRR7666451	PT089	28469524
SRR7666452	PT089	156296052
SRR7666453	PT089	55414108
SRR7666454	PT089	251421832
SRR7666455	PT089	283390168
SRR7666456	PT089	83216276
SRR7666457	PT089	56327020
SRR7666458	PT089	190030400
SRR7666459	PT089	190220096
SRR7666460	PT089	104537544
SRR7666461	PT089	189593628
SRR7666462	PT089	214566924
SRR7666463	PT089	237419516
SRR7666464	PT089	148432788
SRR7666465	PT089	76222908
SRR7666466	PT089	77079276
SRR7666467	PT089	113342220
SRR7666468	PT089	133925300
SRR7666469	PT089	60968872
SRR7666470	PT089	11341252
SRR7666471	PT089	76610736
SRR7666472	PT089	158141408
SRR7666473	PT089	11611432
SRR7666474	PT089	960108
SRR7666475	PT089	141437292
SRR7666476	PT089	163754540
SRR7666477	PT089	112914036
SRR7666478	PT089	129675988
SRR7666479	PT089	59545012
SRR7666480	PT089	128740428
SRR7666481	PT089	82083192
SRR7666482	PT089	135439448
SRR7666483	PT089	130005144
SRR7666484	PT089	73070428
SRR7666485	PT089	112260512
SRR7666486	PT089	99254404
SRR7666487	PT089	146263368
SRR7666488	PT089	160037456
SRR7666489	PT089	28955012
SRR7666490	PT089	117265264
SRR7666491	PT089	124540516
SRR7666492	PT089	10986712
SRR7666493	PT089	54335668
SRR7666494	PT089	156419172
SRR7666495	PT089	116466504
SRR7666496	PT089	7764616
SRR7666497	PT089	47291988
SRR7666498	PT089	101949744
SRR7666499	PT089	135040828
SRR7666500	PT089	163572140
SRR7666501	PT089	104015196
SRR7666502	PT089	33234800
SRR7666503	PT089	131530464
SRR7666504	PT089	52149680
SRR7666505	PT089	139377388
SRR7666506	PT089	123994760
SRR7666507	PT089	181877728
SRR7666508	PT089	95369132
SRR7666509	PT089	88211300
SRR7666510	PT089	9032068
SRR7666511	PT089	95184984
SRR7666512	PT089	10899692
SRR7666513	PT089	15843644
SRR7666514	PT089	122802396
SRR7666515	PT089	23922596
SRR7666516	PT089	193040684
SRR7666517	PT089	154872952
SRR7666518	PT089	136619880
SRR7666519	PT089	180152452
SRR7666520	PT089	12491056
SRR7666521	PT089	71750156
SRR7666522	PT089	34608576
SRR7666523	PT089	110151664
SRR7666524	PT089	96863824
SRR7666525	PT089	13855256
SRR7666526	PT089	198135648
SRR7666527	PT089	103201160
SRR7666528	PT089	182823928
SRR7666529	PT089	124300812
SRR7666530	PT089	131466092
SRR7666531	PT089	175682968
SRR7666532	PT089	115607096
SRR7666533	PT089	137237380
SRR7666534	PT089	201491048
SRR7666535	PT089	60345672
SRR7666536	PT089	72819704
SRR7666537	PT089	131935012
SRR7666538	PT089	84602288
SRR7666539	PT089	113808328
SRR7666540	PT089	82100368
SRR7666541	PT089	121875272
SRR7666542	PT089	111613296
SRR7666543	PT089	132827176
SRR7666544	PT089	129595124
SRR7666545	PT089	65350424
SRR7666546	PT089	86536564
SRR7666547	PT089	99865900
SRR7666548	PT089	80912640
SRR7666549	PT089	64702524
SRR7666550	PT089	92536612
SRR7666551	PT089	106910416
SRR7666552	PT089	97501388
SRR7666553	PT089	126269896
SRR7666554	PT089	82377084
SRR7666555	PT089	117199372
SRR7666556	PT089	95782040
SRR7666557	PT089	70558780
SRR7666558	PT089	91171956
SRR7666559	PT089	83812420
SRR7666560	PT089	79809196
SRR7666561	PT089	73702292
SRR7666562	PT089	80762540
SRR7666563	PT089	110616556
SRR7666564	PT089	85063304
SRR7666565	PT089	91773800
SRR7666566	PT089	61690188
SRR7666567	PT089	100461208
SRR7666568	PT089	92715972
SRR7666569	PT089	87057088
SRR7666570	PT089	94244104
SRR7666571	PT089	87546224
SRR7666572	PT089	37716444
SRR7666573	PT089	37351872
SRR7666574	PT089	89462640
SRR7666575	PT089	103055924
SRR7666576	PT089	66634672
SRR7666577	PT089	107179000
SRR7666578	PT089	86153904
SRR7666579	PT089	101523080
SRR7666580	PT089	81178032
SRR7666581	PT089	93389180
SRR7666582	PT089	87482688
SRR7666583	PT089	92217868
SRR7666584	PT089	40083464
SRR7666585	PT089	11662352
SRR7666586	PT089	91692784
SRR7666587	PT089	104811144
SRR7666588	PT089	108435888
SRR7666589	PT089	123603740
SRR7666590	PT089	96238268
SRR7666591	PT089	83343424
SRR7666592	PT089	94923620
SRR7666593	PT089	76943084
SRR7666594	PT089	94285980
SRR7666595	PT089	102184660
SRR7666596	PT089	88694660
SRR7666597	PT089	60480800
SRR7666598	PT089	56608068
SRR7666599	PT089	77539304
SRR7666600	PT089	83187700
SRR7666601	PT089	80320980
SRR7666602	PT089	62731844
SRR7666603	PT089	104389876
SRR7666604	PT089	81683584
SRR7666605	PT089	78716316
SRR7666606	PT089	83329136
SRR7666607	PT089	49693512
SRR7666608	PT089	74949376
SRR7666609	PT089	96961560
SRR7666610	PT089	93940560
SRR7666611	PT089	108112128
SRR7666612	PT089	77506092
SRR7666613	PT089	122553268
SRR7666614	PT089	109678412
SRR7666615	PT089	81869632
SRR7666616	PT089	96196848
SRR7666617	PT089	92823968
SRR7666618	PT089	16339696
SRR7666619	PT089	59364360
SRR7666620	PT089	70137664
SRR7666621	PT089	125235688
SRR7666622	PT089	81016912
SRR7666623	PT089	140038664
SRR7666624	PT089	73134952
SRR7666625	PT089	102409012
SRR7666626	PT089	66040808
SRR7666627	PT089	76375516
SRR7666628	PT089	78562340
SRR7666629	PT089	84155180
SRR7666630	PT089	63561840
SRR7666631	PT089	82606224
SRR7666632	PT039	57110960
SRR7666633	PT039	72433548
SRR7666634	PT039	176460448
SRR7666635	PT039	163952368
SRR7666636	PT039	160313944
SRR7666637	PT039	12363756
SRR7666638	PT039	17866840
SRR7666639	PT039	13223012
SRR7666640	PT039	83155096
SRR7666641	PT039	63235344
SRR7666642	PT039	19865108
SRR7666643	PT039	166743924
SRR7666644	PT039	135166152
SRR7666645	PT039	65128884
SRR7666646	PT039	125191684
SRR7666647	PT039	187179260
SRR7666648	PT039	81897904
SRR7666649	PT039	98992280
SRR7666650	PT039	32391656
SRR7666651	PT039	151983128
SRR7666652	PT039	165843324
SRR7666653	PT039	88613644
SRR7666654	PT039	138386652
SRR7666655	PT039	113834472
SRR7666656	PT039	147723936
SRR7666657	PT039	132616580
SRR7666658	PT039	136339440
SRR7666659	PT039	5940540
SRR7666660	PT039	15268552
SRR7666661	PT039	144004876
SRR7666662	PT039	155374476
SRR7666663	PT039	56164380
SRR7666664	PT039	170149560
SRR7666665	PT039	18386072
SRR7666666	PT039	137750000
SRR7666667	PT039	74418288
SRR7666668	PT039	180523560
SRR7666669	PT039	43410516
SRR7666670	PT039	17702680
SRR7666671	PT039	104173960
SRR7666672	PT039	170959568
SRR7666673	PT039	178127812
SRR7666674	PT039	175861720
SRR7666675	PT039	29716608
SRR7666676	PT039	9608604
SRR7666677	PT039	36298360
SRR7666678	PT039	15397904
SRR7666679	PT039	158701148
SRR7666680	PT039	16027564
SRR7666681	PT039	158056592
SRR7666682	PT039	84329220
SRR7666683	PT039	64075296
SRR7666684	PT039	112526892
SRR7666685	PT039	31998052
SRR7666686	PT039	19360240
SRR7666687	PT039	10425984
SRR7666688	PT039	149358392
SRR7666689	PT039	204683808
SRR7666690	PT039	24506124
SRR7666691	PT039	118666172
SRR7666692	PT039	192082172
SRR7666693	PT039	183898416
SRR7666694	PT039	100916600
SRR7666695	PT039	85479328
SRR7666696	PT039	17482508
SRR7666697	PT039	40061500
SRR7666698	PT039	187303520
SRR7666699	PT039	62599224
SRR7666700	PT039	160349588
SRR7666701	PT039	160509644
SRR7666702	PT039	18416776
SRR7666703	PT039	185611760
SRR7666704	PT039	166637980
SRR7666705	PT039	460087356
SRR7666706	PT039	425290832
SRR7666707	PT039	555207664
SRR7666708	PT039	569760448
SRR7666709	PT039	256556620
SRR7666710	PT039	173345588
SRR7666711	PT039	268616300
SRR7666712	PT039	496664408
SRR7666713	PT039	400054272
SRR7666714	PT039	301959248
SRR7666715	PT039	229481620
SRR7666716	PT039	414187232
SRR7666717	PT039	320154028
SRR7666718	PT039	538555684
SRR7666720	PT039	609267984
SRR7666721	PT039	608512392
SRR7666722	PT039	586037596
SRR7666723	PT039	426371248
SRR7666724	PT039	369175016
SRR7666725	PT039	557400568
SRR7666726	PT039	326072984
SRR7666727	PT039	528871840
SRR7666728	PT039	783014244
SRR7666729	PT039	574292936
SRR7666730	PT039	668411640
SRR7666731	PT039	657765788
SRR7666732	PT039	582274304
SRR7666733	PT039	317633184
SRR7666734	PT039	331732096
SRR7666735	PT039	452860972
SRR7666736	PT039	536342640
SRR7666737	PT039	395858996
SRR7666738	PT039	373189488
SRR7666739	PT039	177102420
SRR7666740	PT039	228337060
SRR7666741	PT039	330978100
SRR7666742	PT039	563893172
SRR7666743	PT039	402415136
SRR7666744	PT039	485614312
SRR7666745	PT039	312953332
SRR7666746	PT039	286399464
SRR7666747	PT039	266744268
SRR7666748	PT039	258039912
SRR7666749	PT039	301612536
SRR7666750	PT039	416466092
SRR7666751	PT039	256288188
SRR7666752	PT039	502976816
SRR7666753	PT039	499085844
SRR7666754	PT039	248705516
SRR7666755	PT039	715288440
SRR7666756	PT039	253916228
SRR7666757	PT039	285722304
SRR7666758	PT039	183505116
SRR7666759	PT039	484641816
SRR7666760	PT039	494742444
SRR7666761	PT039	454921788
SRR7666762	PT039	476632024
SRR7666763	PT039	420751960
SRR7666764	PT039	568928780
SRR7666765	PT039	646541880
SRR7666766	PT039	654584428
SRR7666767	PT039	598238408
SRR7666768	PT039	394987960
SRR7666769	PT039	418190988
SRR7666770	PT039	390308260
SRR7666771	PT039	380845956
SRR7666772	PT039	387554400
SRR7666773	PT039	383637132
SRR7666774	PT058	277968328
SRR7666775	PT058	236335452
SRR7666776	PT058	203136068
SRR7666777	PT058	15764756
SRR7666778	PT058	345782520
SRR7666779	PT058	379609740
SRR7666780	PT058	10295264
SRR7666781	PT058	15237088
SRR7666782	PT058	205860212
SRR7666783	PT058	29099184
SRR7666784	PT058	8457660
SRR7666785	PT058	6710192
SRR7666786	PT058	18590132
SRR7666787	PT058	121106304
SRR7666788	PT058	239940664
SRR7666789	PT058	252710716
SRR7666790	PT058	308122392
SRR7666791	PT058	9908652
SRR7666792	PT058	207169008
SRR7666793	PT058	255241592
SRR7666794	PT058	124827872
SRR7666795	PT058	132455308
SRR7666796	PT058	189220848
SRR7666797	PT058	145833284
SRR7666798	PT058	10630652
SRR7666799	PT058	163049792
SRR7666800	PT058	85561028
SRR7666801	PT058	148595124
SRR7666802	PT058	7801020
SRR7666803	PT058	192123136
SRR7666804	PT058	176566544
SRR7666805	PT058	261479900
SRR7666806	PT058	119707752
SRR7666807	PT058	12289656
SRR7666808	PT058	170909028
SRR7666809	PT058	209704292
SRR7666810	PT058	35409616
SRR7666811	PT058	144548276
SRR7666812	PT058	306925468
SRR7666813	PT058	161771700
SRR7666814	PT058	6214064
SRR7666815	PT058	281679560
SRR7666816	PT058	168977564
SRR7666817	PT058	172168576
SRR7666818	PT058	262228196
SRR7666819	PT058	8675552
SRR7666820	PT058	382138488
SRR7666821	PT058	336345980
SRR7666822	PT058	333694036
SRR7666823	PT058	317194588
SRR7666824	PT058	99195960
SRR7666825	PT058	156304868
SRR7666826	PT058	102404832
SRR7666827	PT058	239718212
SRR7666828	PT058	9580408
SRR7666829	PT058	241982176
SRR7666830	PT058	117865740
SRR7666831	PT058	217336820
SRR7666832	PT058	170053876
SRR7666833	PT058	179483272
SRR7666834	PT058	206547480
SRR7666835	PT058	202209400
SRR7666836	PT058	11509212
SRR7666837	PT058	14606212
SRR7666838	PT058	254391152
SRR7666839	PT058	351480316
SRR7666840	PT058	199177000
SRR7666841	PT058	19882436
SRR7666842	PT058	108870836
SRR7666843	PT058	183036956
SRR7666844	PT058	140905140
SRR7666845	PT058	157471772
SRR7666846	PT058	130370248
SRR7666847	PT058	66997192
SRR7666848	PT058	189021880
SRR7666849	PT058	312258692
SRR7666850	PT058	119652576
SRR7666851	PT058	9814108
SRR7666852	PT081	66237572
SRR7666853	PT081	59652400
SRR7666854	PT081	1157632
SRR7666855	PT081	40279468
SRR7666856	PT081	2648676
SRR7666857	PT081	1763276
SRR7666858	PT081	40157640
SRR7666859	PT081	47917240
SRR7666860	PT081	68237512
SRR7666861	PT081	64232236
SRR7666862	PT081	60098748
SRR7666863	PT081	67214552
SRR7666864	PT081	65820180
SRR7666865	PT081	68539840
SRR7666866	PT081	39822024
SRR7666867	PT081	51882464
SRR7666868	PT081	32883072
SRR7666869	PT081	48083984
SRR7666870	PT081	59419840
SRR7666871	PT081	62003080
SRR7666872	PT081	51788604
SRR7666873	PT081	19224656
SRR7666874	PT081	59604520
SRR7666875	PT081	54492228
SRR7666876	PT081	50351596
SRR7666877	PT081	1387380
SRR7666878	PT081	2404108
SRR7666879	PT081	1004036
SRR7666880	PT081	41062876
SRR7666881	PT081	53484772
SRR7666882	PT081	38841168
SRR7666883	PT081	33749244
SRR7666884	PT081	49543108
SRR7666885	PT081	61463936
SRR7666886	PT081	6143840
SRR7666887	PT081	67103896
SRR7666888	PT081	1772016
SRR7666889	PT081	51936652
SRR7666890	PT081	2055800
SRR7666891	PT081	43529836
SRR7666892	PT081	54394948
SRR7666893	PT081	50047140
SRR7666894	PT081	21096840
SRR7666895	PT081	32598756
SRR7666896	PT081	61353660
SRR7666897	PT081	52489856
SRR7666898	PT081	31095248
SRR7666899	PT081	42573984
SRR7666900	PT081	50885572
SRR7666901	PT081	60064320
SRR7666902	PT081	1030104
SRR7666903	PT081	54720532
SRR7666904	PT081	37076220
SRR7666905	PT081	20825064
SRR7666906	PT081	58490664
SRR7666907	PT081	59789124
SRR7666908	PT081	43028692
SRR7666909	PT081	61801376
SRR7666910	PT081	34191184
SRR7666911	PT081	50477376
SRR7666912	PT081	30143424
SRR7666913	PT081	49922576
SRR7666914	PT081	54757696
SRR7666915	PT081	10522200
SRR7666916	PT081	49977600
SRR7666917	PT081	44099532
SRR7666918	PT081	59197084
SRR7666919	PT081	65442612
SRR7666920	PT081	27691664
SRR7666921	PT081	48689248
SRR7666922	PT081	31172236
SRR7666923	PT081	36638080
SRR7666924	PT081	48040968
SRR7666925	PT081	61352368
SRR7666926	PT081	73156384
SRR7666927	PT081	22249228
SRR7666928	PT081	33068056
SRR7666929	PT081	74572416
SRR7666930	PT081	4915376
SRR7666931	PT081	26633440
SRR7666932	PT081	35579704
SRR7666933	PT081	17715676
SRR7666934	PT081	2847872
SRR7666935	PT081	30660072
SRR7666936	PT081	595579472
SRR7666937	PT081	61995100
SRR7666938	PT081	19206720
SRR7666939	PT081	57047044
SRR7666940	PT081	179425816
SRR7666941	PT081	139475884
SRR7666942	PT081	208125848
SRR7666943	PT081	489461204
SRR7666944	PT081	67622596
SRR7666945	PT081	767548244
SRR7666946	PT081	120834300
SRR7666947	PT081	425673416
SRR7666948	PT081	1653000
SRR7666949	PT081	41702796
SRR7666950	PT081	252643304
SRR7666951	PT081	15245068
SRR7666952	PT081	352920896
SRR7666953	PT081	973808444
SRR7666954	PT081	497103688
SRR7666955	PT081	824092776
SRR7666956	PT081	306577388
SRR7666957	PT081	35783308
SRR7666958	PT081	85373080
SRR7666959	PT081	22243224
SRR7666960	PT081	27808400
SRR7666961	PT081	8490340
SRR7666962	PT081	49608240
SRR7666963	PT081	173521680
SRR7666964	PT081	69741476
SRR7666965	PT081	490969576
SRR7666966	PT081	29426896
SRR7666967	PT081	150419884
SRR7666968	PT081	141068464
SRR7666969	PT081	454416312
SRR7666970	PT081	121110712
SRR7666971	PT081	790732424
SRR7666972	PT081	491789236
SRR7666973	PT081	1285844
SRR7666974	PT081	7861364
SRR7666975	PT081	100900716
SRR7666976	PT081	3271952
SRR7666977	PT081	1269428
SRR7666978	PT081	617133452
SRR7666979	PT081	78215096
SRR7666980	PT081	38238944
SRR7666981	PT081	396414556
SRR7666982	PT081	30711220
SRR7666983	PT081	11673448
SRR7666984	PT081	111858928
SRR7666985	PT081	6290824
SRR7666986	PT081	114949240
SRR7666987	PT081	1844976
SRR7666988	PT081	126723160
SRR7666989	PT081	2154752
SRR7666990	PT081	14049968
SRR7666991	PT081	16152964
SRR7666992	PT081	16138752
SRR7666993	PT081	846412
SRR7666994	PT081	3698996
SRR7666995	PT081	24135548
SRR7666996	PT081	9337512
SRR7666997	PT081	26947700
SRR7666998	PT081	18762424
SRR7666999	PT081	145622232
SRR7667000	PT081	257098576
SRR7667001	PT081	138322584
SRR7667002	PT081	4234872
SRR7667003	PT081	180030244
SRR7667004	PT081	310245452
SRR7667005	PT081	2998428
SRR7667006	PT081	307370068
SRR7667007	PT081	4427076
SRR7667008	PT081	1647300
SRR7667009	PT081	41273548
SRR7667010	PT081	33970176
SRR7667011	PT081	228673512
SRR7667012	PT081	319113284
SRR7667013	PT081	236076672
SRR7667014	PT081	334200956
SRR7667015	PT081	277605656
SRR7667016	PT081	176793936
SRR7667017	PT081	214298568
SRR7667018	PT081	269843700
SRR7667019	PT081	13686232
SRR7667020	PT081	152159980
SRR7667021	PT081	87690928
SRR7667022	PT081	173460728
SRR7667023	PT081	131059796
SRR7667024	PT081	119716416
SRR7667025	PT081	277004648
SRR7667026	PT081	385183884
SRR7667027	PT081	232879960
SRR7667028	PT081	103338568
SRR7667029	PT081	88383212
SRR7667030	PT081	173963772
SRR7667031	PT081	230070924
SRR7667032	PT081	6507120
SRR7667033	PT081	129772204
SRR7667034	PT081	348824268
SRR7667035	PT081	340252380
SRR7667036	PT081	71352220
SRR7667037	PT081	18487912
SRR7667038	PT081	233878524
SRR7667039	PT081	41707888
SRR7667040	PT081	57342000
SRR7667041	PT081	306262064
SRR7667042	PT081	266899080
SRR7667043	PT081	113145760
SRR7667044	PT081	171893380
SRR7667045	PT081	240189184
SRR7667046	PT081	32423120
SRR7667047	PT081	355719368
SRR7667048	PT081	22385952
SRR7667049	PT081	92039648
SRR7667050	PT081	8013060
SRR7667051	PT081	1463684
SRR7667052	PT081	126986652
SRR7667053	PT081	109347052
SRR7667054	PT081	304861840
SRR7667055	PT081	8509264
SRR7667056	PT081	190848844
SRR7667057	PT081	56938440
SRR7667058	PT081	1692596
SRR7667059	PT081	14400024
SRR7667060	PT081	2883820
SRR7667061	PT081	24527024
SRR7667062	PT081	746548
SRR7667063	PT081	11535356
SRR7667064	PT081	23117224
SRR7667065	PT081	17299272
SRR7667066	PT081	19181868
SRR7667067	PT081	133341544
SRR7667068	PT081	34716876
SRR7667069	PT081	43598920
SRR7667070	PT081	165155144
SRR7667071	PT081	125455328
SRR7667072	PT081	160352400
SRR7667073	PT081	2549344
SRR7667074	PT081	71942664
SRR7667075	PT081	60631584
SRR7667076	PT081	4310492
SRR7667077	PT084	84572496
SRR7667078	PT084	52804344
SRR7667079	PT084	10569852
SRR7667080	PT084	2564772
SRR7667081	PT084	6471704
SRR7667082	PT084	107153160
SRR7667083	PT084	122039888
SRR7667084	PT084	102919960
SRR7667085	PT084	112581004
SRR7667086	PT084	92513812
SRR7667087	PT084	110181608
SRR7667088	PT084	94465036
SRR7667089	PT084	139439252
SRR7667090	PT084	133914356
SRR7667091	PT084	109801760
SRR7667092	PT084	120238232
SRR7667093	PT084	98114024
SRR7667094	PT084	116872648
SRR7667095	PT084	141795860
SRR7667096	PT084	2172840
SRR7667097	PT084	158928388
SRR7667098	PT084	95064448
SRR7667099	PT084	146889000
SRR7667100	PT084	94434180
SRR7667101	PT084	162027820
SRR7667102	PT084	134120316
SRR7667103	PT084	119673400
SRR7667104	PT084	120704796
SRR7667105	PT084	87582856
SRR7667106	PT084	128016756
SRR7667107	PT084	98213660
SRR7667108	PT084	96613860
SRR7667109	PT084	95743204
SRR7667110	PT084	98020240
SRR7667111	PT084	93865776
SRR7667112	PT084	118934680
SRR7667113	PT084	114813960
SRR7667114	PT084	99025796
SRR7667115	PT084	120659880
SRR7667116	PT084	94057752
SRR7667117	PT084	93803608
SRR7667118	PT084	109868792
SRR7667119	PT084	118807000
SRR7667120	PT084	121865088
SRR7667121	PT084	100822892
SRR7667122	PT084	91885368
SRR7667123	PT084	95207024
SRR7667124	PT084	102650996
SRR7667125	PT084	122214992
SRR7667126	PT084	90361568
SRR7667127	PT084	108564632
SRR7667128	PT084	81446540
SRR7667129	PT084	119914548
SRR7667130	PT084	95453492
SRR7667131	PT084	103789096
SRR7667132	PT084	115219496
SRR7667133	PT084	106524336
SRR7667134	PT084	112470804
SRR7667135	PT084	67416864
SRR7667136	PT084	126199368
SRR7667137	PT084	123266528
SRR7667138	PT084	96175568
SRR7667139	PT084	106251268
SRR7667140	PT084	99111296
SRR7667141	PT084	100851848
SRR7667142	PT084	139964716
SRR7667143	PT084	75589904
SRR7667144	PT084	57633992
SRR7667145	PT084	89205456
SRR7667146	PT084	98676576
SRR7667147	PT084	104354536
SRR7667148	PT084	85722072
SRR7667149	PT084	107907992
SRR7667150	PT084	80516908
SRR7667151	PT084	75548484
SRR7667152	PT084	76258552
SRR7667153	PT084	77866712
SRR7667154	PT084	88324920
SRR7667155	PT084	99404960
SRR7667156	PT084	157800548
SRR7667157	PT084	133870960
SRR7667158	PT084	77656876
SRR7667159	PT084	49843232
SRR7667160	PT084	79086284
SRR7667161	PT084	170906596
SRR7667162	PT084	88482848
SRR7667163	PT084	115559292
SRR7667164	PT084	98518952
SRR7667165	PT084	105705512
SRR7667166	PT084	86898172
SRR7667167	PT084	208899072
SRR7667168	PT084	206023840
SRR7667169	PT084	203405868
SRR7667170	PT084	195737696
SRR7667171	PT084	224518972
SRR7667172	PT084	185449652
SRR7667173	PT084	126565688
SRR7667174	PT084	176733288
SRR7667175	PT084	100679328
SRR7667176	PT084	4864608
SRR7667177	PT084	4132044
SRR7667178	PT084	101056744
SRR7667179	PT084	102450052
SRR7667180	PT084	1980560
SRR7667181	PT084	102662168
SRR7667182	PT084	107095932
SRR7667183	PT084	67915272
SRR7667184	PT084	1439212
SRR7667185	PT084	107486420
SRR7667186	PT084	40469468
SRR7667187	PT084	102549384
SRR7667188	PT084	23180304
SRR7667189	PT084	102305044
SRR7667190	PT084	105910864
SRR7667191	PT084	85234304
SRR7667192	PT084	95965884
SRR7667193	PT084	86847100
SRR7667194	PT084	44405052
SRR7667195	PT084	80106660
SRR7667196	PT084	14288456
SRR7667197	PT084	18983964
SRR7667198	PT084	115198140
SRR7667199	PT084	102417524
SRR7667200	PT084	57272992
SRR7667201	PT084	91695368
SRR7667202	PT084	101764608
SRR7667203	PT084	102404604
SRR7667204	PT084	64349960
SRR7667205	PT084	106177320
SRR7667206	PT084	54695680
SRR7667207	PT084	99426772
SRR7667208	PT084	120858848
SRR7667209	PT084	20555948
SRR7667210	PT084	8243644
SRR7667211	PT084	81879284
SRR7667212	PT084	96351736
SRR7667213	PT084	96533300
SRR7667214	PT084	96910792
SRR7667215	PT084	96307200
SRR7667216	PT084	121709212
SRR7667217	PT084	94506380
SRR7667218	PT084	74320248
SRR7667219	PT084	125366636
SRR7667220	PT084	1055640
SRR7667221	PT084	114314184
SRR7667222	PT084	117558700
SRR7667223	PT084	1168348
SRR7667224	PT084	76328168
SRR7667225	PT084	102204268
SRR7667226	PT084	78050936
SRR7667227	PT084	99737764
SRR7667228	PT084	88491664
SRR7667229	PT084	56491788
SRR7667230	PT084	92133356
SRR7667231	PT084	114389500
SRR7667232	PT084	60130592
SRR7667233	PT084	96148740
SRR7667234	PT084	41105132
SRR7667235	PT084	110463948
SRR7667236	PT084	86226180
SRR7667237	PT084	112454692
SRR7667238	PT084	106907224
SRR7667239	PT084	120388256
SRR7667240	PT084	24038116
SRR7667241	PT084	1629136
SRR7667242	PT084	73895940
SRR7667243	PT084	120579776
SRR7667244	PT084	52813008
SRR7667245	PT084	115678156
SRR7667246	PT084	75154728
SRR7667247	PT084	94194324
SRR7667248	PT084	77013992
SRR7667249	PT084	75297152
SRR7667250	PT084	116361396
SRR7667251	PT084	82258144
SRR7667252	PT084	48551536
SRR7667253	PT084	124422716
SRR7667254	PT084	53799336
SRR7667255	PT084	108486580
SRR7667256	PT084	95055860
SRR7667257	PT084	1782504
SRR7667258	PT084	115734016
SRR7667259	PT084	111392668
SRR7667260	PT084	115155428
SRR7667261	PT084	21328108
SRR7667262	PT084	53767872
SRR7667263	PT084	59804628
SRR7667264	PT084	90495404
SRR7667265	PT126	161724276
SRR7667266	PT126	7342664
SRR7667267	PT126	141795632
SRR7667268	PT126	32185544
SRR7667269	PT126	70158716
SRR7667270	PT126	165599136
SRR7667271	PT126	76021660
SRR7667272	PT126	42761020
SRR7667273	PT126	35433176
SRR7667274	PT126	59527836
SRR7667275	PT126	75727996
SRR7667276	PT126	113274352
SRR7667277	PT126	39756740
SRR7667278	PT126	20272848
SRR7667279	PT126	149746600
SRR7667280	PT126	89023892
SRR7667281	PT126	131396704
SRR7667282	PT126	113677608
SRR7667283	PT126	114770792
SRR7667284	PT126	133496356
SRR7667285	PT126	132164380
SRR7667286	PT126	124730364
SRR7667287	PT126	172257724
SRR7667288	PT126	63762480
SRR7667289	PT126	67464820
SRR7667290	PT126	118880340
SRR7667291	PT126	127185620
SRR7667292	PT126	132366236
SRR7667293	PT126	154689412
SRR7667294	PT126	92438116
SRR7667295	PT126	83490788
SRR7667296	PT126	137321208
SRR7667297	PT126	118755624
SRR7667298	PT126	93354904
SRR7667299	PT126	116707804
SRR7667300	PT126	79906248
SRR7667301	PT126	197581000
SRR7667302	PT126	208386148
SRR7667303	PT126	53299940
SRR7667304	PT126	184066756
SRR7667305	PT126	52142612
SRR7667306	PT126	119529608
SRR7667307	PT126	40211676
SRR7667308	PT126	135679760
SRR7667309	PT126	135537032
SRR7667310	PT126	57224732
SRR7667311	PT126	46881436
SRR7667312	PT126	174008460
SRR7667313	PT126	196133580
SRR7667314	PT126	184797496
SRR7667315	PT126	54844488
SRR7667316	PT126	170678368
SRR7667317	PT126	126012712
SRR7667318	PT126	82385292
SRR7667319	PT126	83098324
SRR7667320	PT126	194491904
SRR7667321	PT126	193177484
SRR7667322	PT126	80397436
SRR7667323	PT126	186206840
SRR7667324	PT126	120788016
SRR7667325	PT126	79221488
SRR7667326	PT126	114672144
SRR7667327	PT126	124842464
SRR7667328	PT126	19970748
SRR7667329	PT126	70095636
SRR7667330	PT126	181157020
SRR7667331	PT126	60738516
SRR7667332	PT126	183386328
SRR7667333	PT126	193681136
SRR7667334	PT126	225436064
SRR7667335	PT126	44416832
SRR7667336	PT126	35327916
SRR7667337	PT126	18731036
SRR7667338	PT126	132869964
SRR7667339	PT126	63091552
SRR7667340	PT126	95094012
SRR7667341	PT126	40879868
SRR7667342	PT126	76616968
SRR7667343	PT126	65490264
SRR7667344	PT126	64844568
SRR7667345	PT126	94034572
SRR7667346	PT126	111543604
SRR7667347	PT126	78142972
SRR7667348	PT126	161872780
SRR7667349	PT126	93403012
SRR7667350	PT126	110398284
SRR7667351	PT126	43978160
SRR7667352	PT126	86174348
SRR7667353	PT126	98496760
SRR7667354	PT039	11070312
SRR7667355	PT039	133382280
SRR7667356	PT039	143428112
SRR7667357	PT039	118387100
SRR7667358	PT039	192104136
SRR7667359	PT039	215414476
SRR7667360	PT039	196219992
SRR7667361	PT039	232470472
SRR7667362	PT039	47684376
SRR7667363	PT039	274168328
SRR7667364	PT039	234270760
SRR7667365	PT039	253872528
SRR7667366	PT039	149601744
SRR7667367	PT039	22554748
SRR7667368	PT039	134375448
SRR7667369	PT039	149509936
SRR7667370	PT039	140063744
SRR7667371	PT039	100780332
SRR7667372	PT039	165123908
SRR7667373	PT039	261687380
SRR7667374	PT039	317659860
SRR7667375	PT039	292880440
SRR7667376	PT039	108542364
SRR7667377	PT039	64417296
SRR7667378	PT039	25945412
SRR7667379	PT039	57820876
SRR7667380	PT039	10913828
SRR7667381	PT039	46273436
SRR7667382	PT039	118114488
SRR7667383	PT039	55251316
SRR7667384	PT039	159806720
SRR7667385	PT039	281148168
SRR7667386	PT039	75910548
SRR7667387	PT039	202518872
SRR7667388	PT039	35733756
SRR7667389	PT039	103089288
SRR7667390	PT039	167834296
SRR7667391	PT039	97986952
SRR7667392	PT039	161728988
SRR7667393	PT039	182255828
SRR7667394	PT039	25912808
SRR7667395	PT039	231009144
SRR7667396	PT039	312664912
SRR7667397	PT039	22177180
SRR7667398	PT039	285166668
SRR7667399	PT039	179675552
SRR7667400	PT039	213166928
SRR7667401	PT039	160546884
SRR7667402	PT039	107786392
SRR7667403	PT039	77195252
SRR7667404	PT039	115859036
SRR7667405	PT084	106829552
SRR7667406	PT084	197106608
SRR7667407	PT084	181628752
SRR7667408	PT084	336983544
SRR7667409	PT084	24316124
SRR7667410	PT084	14113656
SRR7667411	PT084	95916484
SRR7667412	PT084	146237072
SRR7667413	PT084	105436928
SRR7667414	PT084	87760620
SRR7667415	PT084	92967304
SRR7667416	PT084	118186992
SRR7667417	PT084	113657392
SRR7667418	PT084	227278836
SRR7667419	PT084	209067640
SRR7667420	PT084	363877208
SRR7667421	PT084	119069428
SRR7667422	PT084	214935448
SRR7667423	PT084	155075492
SRR7667424	PT084	234190808
SRR7667425	PT084	166912492
SRR7667426	PT084	216221368
SRR7667427	PT084	149737556
SRR7667428	PT084	182756820
SRR7667429	PT084	183696712
SRR7667430	PT084	230565380
SRR7667431	PT084	233716872
SRR7667432	PT084	381411396
SRR7667433	PT084	245718564
SRR7667434	PT084	312045284
SRR7667435	PT084	269590696
SRR7667436	PT084	39406380
SRR7667437	PT084	468675356
SRR7667438	PT084	10183696
SRR7667439	PT084	71003608
SRR7667440	PT084	5196576
SRR7667441	PT084	49733564
SRR7667442	PT084	52436504
SRR7667443	PT084	50496756
SRR7667444	PT084	93736956
SRR7667445	PT084	61021160
SRR7667446	PT084	77223144
SRR7667447	PT039	26291592
SRR7667448	PT039	28227540
SRR7667449	PT039	161208160
SRR7667450	PT039	42942584
SRR7667451	PT039	44806788
SRR7667452	PT039	28875896
SRR7667453	PT039	144831300
SRR7667454	PT039	46720924
SRR7667455	PT039	183274532
SRR7667456	PT039	150485852
SRR7667457	PT039	153079352
SRR7667458	PT039	164908448
SRR7667459	PT039	30037708
SRR7667460	PT039	42595644
SRR7667461	PT039	123248820
SRR7667462	PT039	33136380
SRR7667463	PT039	186851396
SRR7667464	PT039	181352644
SRR7667465	PT039	214810808
SRR7667466	PT039	34361044
SRR7667467	PT039	139086688
SRR7667468	PT039	175336256
SRR7667469	PT039	121150004
SRR7667470	PT039	190475000
SRR7667471	PT039	40352200
SRR7667472	PT039	159869800
SRR7667473	PT039	25851932
SRR7667474	PT039	188468068
SRR7667475	PT039	31958076
SRR7667476	PT039	86284700
SRR7667477	PT039	187373440
SRR7667478	PT039	39621004
SRR7667479	PT039	162412380
SRR7667480	PT039	148305944
SRR7667481	PT039	183276888
SRR7667482	PT039	22986884
SRR7667483	PT039	3954736
SRR7667484	PT039	145625044
SRR7667485	PT039	173381308
SRR7667486	PT039	171998792
SRR7667487	PT039	141339556
SRR7667488	PT039	167801616
SRR7667489	PT039	155430260
SRR7667490	PT039	154760928
SRR7667491	PT039	96345428
SRR7667492	PT039	25681540
SRR7667493	PT039	93298740
SRR7667494	PT039	42244144
SRR7667495	PT039	102255340
SRR7667496	PT039	163468020
SRR7667497	PT039	149232916
SRR7667498	PT039	43257224
SRR7667499	PT039	45435536
SRR7667500	PT039	36969592
SRR7667501	PT039	29833344
SRR7667502	PT039	41455948
SRR7667503	PT039	131419200
SRR7667504	PT039	29004260
SRR7667505	PT039	22453744
SRR7667506	PT039	152569088
SRR7667507	PT039	128207744
SRR7667508	PT039	78955260
SRR7667509	PT039	36238168
SRR7667510	PT039	184497828
SRR7667511	PT039	31485280
SRR7667512	PT039	162306968
SRR7667513	PT039	207234216
SRR7667514	PT039	153779616
SRR7667515	PT039	12677712
SRR7667516	PT039	160969596
SRR7667517	PT039	142491184
SRR7667518	PT039	167801084
SRR7667519	PT039	106600792
SRR7667520	PT039	151816992
SRR7667521	PT039	170275188
SRR7667522	PT039	69556036
SRR7667523	PT039	23764744
SRR7667524	PT039	164761464
SRR7667525	PT039	48926444
SRR7667526	PT039	16071340
SRR7667527	PT039	70307828
SRR7667528	PT039	67650716
SRR7667529	PT039	30213116
SRR7667530	PT039	205453916
SRR7667531	PT039	216522936
SRR7667532	PT039	198636564
SRR7667533	PT039	30090908
SRR7667534	PT039	198099320
SRR7667535	PT089	34041768
SRR7667536	PT089	413575052
SRR7667537	PT089	330301396
SRR7667538	PT089	285542640
SRR7667539	PT089	209463676
SRR7667540	PT089	260290500
SRR7667541	PT089	56759916
SRR7667542	PT089	95950228
SRR7667543	PT089	156087812
SRR7667544	PT089	209136116
SRR7667545	PT089	72187840
SRR7667546	PT089	126129524
SRR7667547	PT089	213736624
SRR7667548	PT089	397210732
SRR7667549	PT089	96942788
SRR7667550	PT089	87040976
SRR7667551	PT089	244687320
SRR7667552	PT089	242367952
SRR7667553	PT089	149788856
SRR7667554	PT089	352996060
SRR7667555	PT089	110971780
SRR7667556	PT089	31297332
SRR7667557	PT089	44160180
SRR7667558	PT089	20835172
SRR7667559	PT089	226338032
SRR7667560	PT089	90137748
SRR7667561	PT089	62389008
SRR7667562	PT089	195414012
SRR7667563	PT089	21266016
SRR7667564	PT089	95670700
SRR7667565	PT089	131985096
SRR7667566	PT089	351500
SRR7667567	PT089	182856
SRR7667568	PT089	1520
SRR7667569	PT089	5700
SRR7667570	PT089	106628
SRR7667571	PT089	2052
SRR7667572	PT089	3572
SRR7667573	PT089	9272
SRR7667574	PT089	1064
SRR7667575	PT089	3040
SRR7667576	PT089	4636
SRR7667577	PT089	2356
SRR7667578	PT089	20520
SRR7667579	PT089	1520
SRR7667580	PT089	42496844
SRR7667581	PT089	18316
SRR7667582	PT039	16563212
SRR7667583	PT039	16906200
SRR7667584	PT039	15657292
SRR7667585	PT039	15608120
SRR7667586	PT039	37709300
SRR7667587	PT039	20406532
SRR7667588	PT039	8750260
SRR7667589	PT039	10708932
SRR7667590	PT039	13797648
SRR7667591	PT039	19811908
SRR7667592	PT039	879092
SRR7667593	PT039	13760180
SRR7667594	PT039	11328256
SRR7667595	PT039	15885976
SRR7667596	PT039	26431204
SRR7667597	PT039	14460216
SRR7667598	PT039	12362540
SRR7667599	PT039	17278448
SRR7667600	PT039	20371724
SRR7667601	PT039	13204316
SRR7667602	PT039	12908524
SRR7667603	PT039	12723540
SRR7667604	PT039	11319440
SRR7667605	PT039	177992
SRR7667606	PT039	201324
SRR7667607	PT039	836
SRR7667608	PT039	1064
SRR7667609	PT039	2052
SRR7667610	PT039	1064
SRR7667611	PT039	760
SRR7667612	PT039	456
SRR7667613	PT039	1444
SRR7667614	PT039	1140
SRR7667615	PT039	1292
SRR7667616	PT039	1064
SRR7667617	PT039	608
SRR7667618	PT039	988
SRR7667619	PT039	1064
SRR7667620	PT039	1748
SRR7667621	PT039	3420
SRR7667622	PT039	1596
SRR7667623	PT039	2052
SRR7667624	PT039	988
SRR7667625	PT039	2356
SRR7667626	PT039	1520
SRR7667627	PT039	1216
SRR7667628	PT039	608
SRR7667629	PT039	684
SRR7667630	PT039	684
SRR7667632	PT058	251542976
SRR7667635	PT058	7472168
SRR7667636	PT058	12407076
SRR7667638	PT058	10892548
SRR7667640	PT058	9373384
SRR7667642	PT058	5029984
SRR7667643	PT058	5114420
SRR7667644	PT058	84298060
SRR7667645	PT058	138371148
SRR7667646	PT058	21501464
SRR7667647	PT058	9780440
SRR7667648	PT058	7021944
SRR7667649	PT081	7337344
SRR7667650	PT081	1709772
SRR7667651	PT081	1230668
SRR7667653	PT081	16952104
SRR7667655	PT081	3830856
SRR7667657	PT081	56563380
SRR7667658	PT081	141740
SRR7667659	PT081	57630116
SRR7667660	PT081	708624
SRR7667661	PT081	42991224
SRR7667662	PT081	29741536
SRR7667663	PT081	8399748
SRR7667666	PT081	168185492
SRR7667668	PT081	1136200
SRR7667672	PT081	489972
SRR7667674	PT081	443764
SRR7667678	PT081	9917468
SRR7667680	PT081	99654696
SRR7667681	PT081	2001612
SRR7667682	PT081	3054212
SRR7667684	PT081	1917632
SRR7667686	PT081	954940
SRR7667687	PT081	562248
SRR7667688	PT081	6707684
SRR7667689	PT081	1721400
SRR7667690	PT081	88627172
SRR7667693	PT081	1391864
SRR7667694	PT081	2284408
SRR7667695	PT081	8430376
SRR7667697	PT081	7105924
SRR7667699	PT081	182806448
SRR7667701	PT081	9922788
SRR7667703	PT081	1113096
SRR7667706	PT081	2076168
SRR7667709	PT081	436392
SRR7667712	PT084	14516
SRR7667714	PT084	2980796
SRR7667716	PT084	485412
SRR7667718	PT084	20976
SRR7667719	PT084	39292
SRR7667721	PT084	39672
SRR7667722	PT084	21052
SRR7667723	PT084	21052
SRR7667727	PT084	32452
SRR7667728	PT084	46208
SRR7667731	PT084	57608
SRR7667732	PT084	46132
SRR7667733	PT084	118788
SRR7667735	PT084	49704
SRR7667738	PT084	4104
SRR7667741	PT084	24852
SRR7667743	PT084	4332
SRR7667746	PT084	2356
SRR7667748	PT084	5624
SRR7667752	PT084	48716
SRR7667753	PT084	154052
SRR7667756	PT084	74784
SRR7667757	PT084	196916
SRR7667760	PT084	98648
SRR7667762	PT084	17860
SRR7667764	PT084	2682724
SRR7667765	PT084	236968
SRR7667767	PT126	72294848
SRR7667768	PT126	67281052
SRR7667769	PT126	92697884
SRR7667770	PT126	86552828
SRR7667771	PT126	42408
SRR7667776	PT126	18468
SRR7667778	PT126	7752
SRR7667779	PT126	2204
SRR7667780	PT126	6080
SRR7667782	PT126	836
SRR7667784	PT126	2812
SRR7667788	PT126	52060
SRR7667790	PT126	9120
SRR7667792	PT126	12160
SRR7667794	PT126	2508
SRR7667797	PT126	2584
SRR7667798	PT126	2052
SRR7667800	PT126	48108
SRR7667803	PT126	3192
SRR7667808	PT126	1216
SRR7667811	PT126	1596
SRR7667815	PT126	2660
SRR7667819	PT126	1824
SRR7667820	PT126	2204
SRR7667822	PT126	2280
SRR7667827	PT126	3876
SRR7667829	PT126	2280
SRR7667830	PT126	1672
SRR7667831	PT126	1976
SRR7667832	PT126	3496
SRR7667834	PT126	2280
SRR7667837	PT126	2812
SRR7667838	PT126	6460
SRR7667843	PT126	4104
SRR7667846	PT126	11704
SRR7667848	PT126	86640
SRR7667851	PT126	12008
SRR7667856	PT126	1368
SRR7667857	PT126	2356
SRR7667859	PT126	1216
SRR7667860	PT126	36860
SRR7667862	PT126	13072
SRR7667863	PT126	2736
SRR7667866	PT126	1140
SRR7667869	PT126	9869892
SRR7667871	PT126	33014324
SRR7667872	PT126	29947800
SRR7667873	PT126	177252824
SRR7667876	PT039	144064878
SRR7667879	PT039	327640864
